"X","count","profit"
"ItemA",3.79452054794521,13.4287671232877
"ItemB",1.31506849315068,9.78356164383562
"ItemC",9.80821917808219,69.2780821917808
"ItemD",6.28767123287671,19.4753424657534
"ItemE",1.3968253968254,11.0190476190476
"ItemF",48.7,596.957857142857
"ItemG",2.73972602739726,19.1198630136986
